cod	name	purpose	country	state	institution	Email
1	Ana Rúbia Vicente	Search for information for the development of a course completion project	Brazil	Espírito Santo	IFES	AVicente@gmail.com
2	Gustavo Santos Barros	Search for information for the development of a course completion project	Brazil	Minas Gerais	UFMG	GustavoBarros@jourrapide.com
3	Jonathan Harrison	Search for information for the development of a course completion project	Wales	Braybrook	WISE	JonathanHarrison@dayrep.com
4	Lola MacRory	Search for information for the development of a course completion project	Australia	Wattle Flat	AIT	LolaMacRory@jourrapide.com
5	Élisabeth Gaudreau	Search for information for the development of a course completion project	Slovenia	Vransko	SFI	ElisabethGaudreau@rhyta.com
6	Jennifer Gonçalves 	Search for information for the development of a course completion project	Brazil	Espirito Santo	IFES	jenniferamaral@gmail.com
7	Cristhoper Walker	Search for information for the development of a course completion project	USA	Oklahoma	OSCIPE	CristhoperWalker@teleworm.us
8	Jessica Campbell	Search for information for the development of a course completion project	USA	Arizona	AJSM	JessieCampell@teleworm.com
9	Terhi Lindström	Search for information for the development of a course completion project	Finland	Helsink	ITTIC	TerhiLindstrom@teleworm.us
10	Lucy Walton	Search for information for the development of a course completion project	Wales	Addington	WISE	LucyWalton@jourrapide.com
11	Mikki Numminen	Search for information for the development of a course completion project	Finland	Vantaa	VTC	MikkiNumminen@armspy.com
12	Jasmine Sturdee	Search for information for the development of a course completion project	Germany	Dinkelscherben	QWERTY	JasmineSturdee@armyspy.com
13	Kathrin Kluge	Search for information for the development of a course completion project	Germany	Essen	QWERTY	KathrinKluge@armyspy.com
14	Ana Cunha Martins	Search for information for the development of a course completion project	USA	West Salem	MCI	AnaCunha@teleworms.us
15	Alfie Patel	Search for information for the development of a course completion project	England	Hardway	NEIT	AlfiePatel@armyspy.com
16	Demi Doherty	Search for information for the development of a course completion project	New Zealand	Fairview	NZIE	DemiDoherty@dayrep.com
17	Nikolaj S. Ravn	Search for information for the development of a course completion project	Danish	Copenhagen	DIIS	NikolajSRavn@rhyta.com
18	Giulio Marino	Search for information for the development of a course completion project	Italy	Varena	IIT	GiulioMarino@jourrapide.com
19	Everard Gammidge	Search for information for the development of a course completion project	Brazil	São Paulo	USP	IsaiahKirillov@teleworm.us
20	Bradford M. Jablonski	Search for information for the development of a course completion project	Australia	Midvale Wa	AIT	BradMJablonski@dayrep.com
